{
  "config": {
    "m": 8,
    "n_init": 30,
    "n_iters": 25,
    "seeds": [
      0,
      1,
      2
    ],
    "K": 8
  },
  "methods": {
    "STCH-Set": {
      "q": 8,
      "runs": [
        {
          "seed": 0,
          "hv_history": [
            16.408406860406767,
            16.877950829540392,
            20.712602348316302,
            21.771191183809584,
            23.160082866416133,
            23.237236062321756,
            23.35752256979997,
            23.357522569799972,
            23.377283172445814,
            23.375941356581606,
            23.382673329269082,
            23.38267332926909,
            23.403250026203466,
            23.4959409747983,
            23.500581711417855,
            23.61881327916963,
            23.656109459442867,
            23.672971487386835,
            23.678907700307267,
            23.61781312721312,
            23.62939338022403,
            23.647052172412916,
            23.84955098992113,
            23.909159988749007,
            23.91034043139749,
            23.963858895698934
          ],
          "final_hv": 23.963858895698934,
          "time": 4293.166546821594,
          "error": null
        },
        {
          "seed": 1,
          "hv_history": [
            16.86933365820917,
            17.327855348944674,
            19.085283728380936,
            20.932247339659444,
            22.201564105877964,
            22.837261941959873,
            23.003071985271408,
            23.121066962401276,
            23.130169388589962,
            23.137941661901355,
            23.821561126561697,
            24.024685031504532,
            24.205698678993087,
            24.244542715182597,
            24.29222405824681,
            24.41869833301309,
            24.446194087264566,
            24.446194087264562,
            24.48218806461346,
            24.50974107410368,
            24.511712306143444,
            24.505096672442093,
            24.50925563006668,
            24.510859102278076,
            24.528574706833968,
            24.544567836189003
          ],
          "final_hv": 24.544567836189003,
          "time": 13559.443390846252,
          "error": null
        },
        {
          "seed": 2,
          "hv_history": [
            16.314514382839242,
            17.0689080560143,
            17.491956521737027,
            19.23491864956486,
            21.358937527043672,
            21.462098211215924,
            22.761995003363765,
            23.051344903473378,
            23.274808470065192,
            23.296541102104538,
            23.318513631006685,
            23.35325055434091,
            23.736784969218327,
            23.778253306072664,
            23.826698326091627,
            23.876091839215967,
            23.876091839215967,
            23.891288397881965,
            23.9431095774321,
            24.003454585896712,
            24.040559645255822,
            24.04088597156512,
            24.07970734522042,
            24.08312641841048,
            24.086969614372755,
            23.81633048278641
          ],
          "final_hv": 23.81633048278641,
          "time": 7317.855158567429,
          "error": null
        }
      ],
      "mean_hv": 24.10825240489145,
      "std_hv": 0.31434537783081884
    },
    "STCH-NParEGO": {
      "q": 1,
      "runs": [
        {
          "seed": 0,
          "hv_history": [
            16.408406860406767,
            16.530196648807966,
            16.53019664880797,
            16.530196648807966,
            16.64688235001453,
            16.64688235001453,
            16.64688235001453,
            16.818387062446053,
            17.135262383124825,
            17.135262383124825,
            17.135262383124825,
            17.135262383124825,
            17.135262383124825,
            18.079927845888594,
            18.79999795340603,
            18.823900522379766,
            18.823900522379766,
            18.823900522379766,
            18.823900522379766,
            18.823900522379766,
            18.824220260678057,
            18.824220260678057,
            18.825156480561308,
            18.844776522373877,
            18.84833452211538,
            18.84833452211538
          ],
          "final_hv": 18.84833452211538,
          "time": 1582.6901998519897,
          "error": null
        },
        {
          "seed": 1,
          "hv_history": [
            16.86933365820917,
            17.322491686748243,
            17.438240318196172,
            17.618918820691945,
            17.818989224699973,
            17.818989224699973,
            17.818989224699973,
            18.674817673183387,
            18.701927705055915,
            18.701927705055915,
            18.701927705055915,
            19.52125768499598,
            20.038221992410445,
            20.019779279967324,
            20.431803459941737,
            20.431803459941737,
            20.431803459941737,
            20.431803459941737,
            20.431803459941737,
            20.431803459941737,
            20.431803459941737,
            20.431803459941737,
            20.431803459941737,
            20.431803459941737,
            20.431803459941737,
            20.588703650415074
          ],
          "final_hv": 20.588703650415074,
          "time": 1531.9673066139221,
          "error": null
        },
        {
          "seed": 2,
          "hv_history": [
            16.314514382839242,
            17.47710896864796,
            17.649201611773172,
            17.649201611773176,
            17.649201611773176,
            18.083158984444452,
            18.083158984444452,
            18.224481317921352,
            20.343383016756157,
            20.343383016756157,
            20.93552182480004,
            22.174335674173218,
            22.174335674173218,
            22.212500369449533,
            22.212500369449533,
            22.225416733659923,
            22.225416733659923,
            22.225416733659923,
            22.243363937887136,
            22.243363937887136,
            22.243363937887136,
            22.243363937887136,
            22.243363937887136,
            22.243363937887136,
            22.243363937887136,
            22.42225422891432
          ],
          "final_hv": 22.42225422891432,
          "time": 1069.0049216747284,
          "error": null
        }
      ],
      "mean_hv": 20.619764133814922,
      "std_hv": 1.4592119066773062
    },
    "qNParEGO": {
      "q": 1,
      "runs": [
        {
          "seed": 0,
          "hv_history": [
            16.408406860406767,
            16.411612787222353,
            16.64137602481729,
            18.680325051276697,
            19.0082564066093,
            19.0082564066093,
            19.0082564066093,
            20.142575628055376,
            20.1995107280106,
            20.1995107280106,
            20.1995107280106,
            20.202047439275745,
            20.245782331096947,
            20.479003433652835,
            20.51582627335312,
            20.53473399540784,
            20.535050635422053,
            21.736812057754882,
            21.736812057754882,
            21.88400282338919,
            21.88400282338919,
            22.054729563921295,
            22.149635592967613,
            22.264191518793677,
            22.723726539818195,
            22.723726539818195
          ],
          "final_hv": 22.723726539818195,
          "time": 1208.7744798660278,
          "error": null
        },
        {
          "seed": 1,