{
  "config": {
    "m": 10,
    "n_init": 40,
    "n_iters": 20,
    "seeds": [
      0,
      1,
      2
    ],
    "K": 10
  },
  "methods": {
    "STCH-Set": {
      "q": 10,
      "runs": [
        {
          "seed": 0,
          "hv_history": [
            39.989081047618676,
            42.904893119603855,
            42.904893119603855,
            44.66221453948101,
            47.6127181740143,
            49.396802340835215,
            49.62288379444736,
            50.6186038874463,
            50.71142560618234,
            50.78536107738762,
            50.909237524991504,
            50.99139941081994,
            50.96929567538251,
            51.02381763846268,
            51.1638261957376,
            51.25346448353714,
            51.26148246245016,
            51.38156310687258,
            51.38330205733458,
            51.387501466700606,
            51.64069280127083
          ],
          "final_hv": 51.64069280127083,
          "time": 8898.086275815964,
          "error": null
        },
        {
          "seed": 1,
          "hv_history": [
            38.940565397730396,
            42.66840727327213,
            42.921492863103545,
            43.47741858768879,
            43.59578911926013,
            45.67083958868776,
            46.915872807755825,
            48.7709579793554,
            49.285373441178756,
            49.360357105826346,
            49.4436105242295,
            49.68060914334158,
            50.675196107411644,
            50.7158517339024,
            51.690943504166796,
            51.85303674055731,
            52.0927841588804,
            52.19882584999824,
            52.2158361533369,
            52.33197871566191,
            52.952841817031015
          ],
          "final_hv": 52.952841817031015,
          "time": 10824.836903095245,
          "error": null
        },
        {
          "seed": 2,
          "hv_history": [
            39.780400136200946,
            43.26203555756859,
            44.31239362665468,
            45.78133145583032,
            45.853065525765906,
            45.90301181905248,
            46.092257763709945,
            46.112092439811036,
            47.64683225501096,
            49.03177022675223,
            49.47256959973863,
            49.471618544904736,
            49.49823318416519,
            49.58780269599412,
            49.72155427322715,
            49.87157544616586,
            50.727606663430855,
            50.98718824065736,
            51.04562727147108,
            51.19183248183375,
            51.21583958422595
          ],
          "final_hv": 51.21583958422595,
          "time": 8989.057310342789,
          "error": null
        }
      ],
      "mean_hv": 51.93645806750927,
      "std_hv": 0.7393249212298414
    },
    "STCH-NParEGO": {
      "q": 1,
      "runs": [
        {
          "seed": 0,
          "hv_history": [
            39.989081047618676,
            42.61268128575677,
            43.5555023263007,
            43.5555023263007,
            43.76765994587258,
            43.83645230481644,
            43.83645230481644,
            44.63628903626681,
            44.606694423621356,
            45.06245175871904,
            45.06245175871904,
            45.06245175871904,
            45.06245175871904,
            45.17464530316946,
            45.17464530316946,
            45.233517426434666,
            45.233517426434666,
            45.233517426434666,
            45.233517426434666,
            45.233517426434666,
            45.40639521036443
          ],
          "final_hv": 45.40639521036443,
          "time": 2822.4436976909637,
          "error": null
        },
        {
          "seed": 1,
          "hv_history": [
            38.940565397730396,
            39.75335354465186,
            39.76806361429752,
            39.796092027965415,
            39.796092027965415,
            39.796092027965415,
            39.829882392086084,
            40.41663691417238,
            40.41663691417238,
            40.41663691417238,
            40.68282027940473,
            40.68282027940474,
            40.69781108846797,
            40.69781108846798,
            40.6981090126669,
            40.6981090126669,
            42.12586955560393,
            42.12586955560393,
            42.12586955560393,
            42.347875175196954,
            42.347875175196954
          ],
          "final_hv": 42.347875175196954,
          "time": 1632.9460668563843,
          "error": null
        },
        {
          "seed": 2,
          "hv_history": [
            39.780400136200946,
            40.22469907873187,
            40.34875824172766,
            40.34875824172766,
            40.823891447490325,
            41.60412983052879,
            41.71573792118684,
            41.71573792118685,
            41.71573792118685,
            41.71573792118685,
            41.990326594928206,
            42.183354445564696,
            42.27725835052167,
            42.27725835052167,
            42.30025879301591,
            42.30025879301591,
            44.81353672519652,
            44.82009932758244,
            44.82009932758244,
            44.82009932758244,
            44.82009932758244
          ],
          "final_hv": 44.82009932758244,
          "time": 2581.892737388611,
          "error": null
        }
      ],
      "mean_hv": 44.191456571047944,
      "std_hv": 1.3254005653355476
    },
    "qNParEGO": {
      "q": 1,
      "runs": [
        {
          "seed": 0,
          "hv_history": [
            39.989081047618676,
            40.67251877076073,
            41.31145290381037,
            41.37100231864667,
            42.290564639039275,
            42.297735280814976,
            42.90029699787614,
            43.646270790989504,
            43.947672498494654,
            44.242175680635114,
            44.242175680635114,
            45.11112615051144,
            45.11112615051144,
            45.26116333383952,
            45.886693751977745,
            46.697459024667026,
            46.89533113578038,
            46.89533113578038,
            47.30713866626067,
            47.30713866626067,
            47.358479392728896
          ],
          "final_hv": 47.358479392728896,
          "time": 2520.562243938446,
          "error": null
        },
        {
          "seed": 1,
          "hv_history": [
            38.940565397730396,
            39.840169096014606,
            39.840169096014606,
            39.88282345215687,
            42.89842383064614,
            42.93877593947696,
            43.633948374312475,
            44.32058812568316,
            44.395522066465695,
            44.395522066465695,
            44.500418599313605,
            44.92815899465048,
            44.92815899465048,
            44.92815899465048,
            45.05320654772053,
            45.057091926198645,
            45.063710139973004,
            46.06720832804235,
            47.95939773766806,
            48.40532897679388,
            48.40532897679389
          ],
          "final_hv": 48.40532897679389,
          "time": 1932.815396785736,
          "error": null
        },
        {
          "seed": 2,
          "hv_history": [
            39.780400136200946,
            40.692355008959204,
            42.54913600578864,
            42.67685381919654,
            42.67685381919654,
            42.67685381919654,
            42.73053079075145,
            42.727984518047705,
            42.84539781705449,
            42.842480256622956,
            42.84248025662295,
            43.8777134189848,
            43.8932709201263,
            45.23095341007135,
            45.23095341007135,
            46.241618843242904,
            46.241618843242904,
            46.29663220935092,
            46.296632209350925,
            46.29735425155038,
            46.297354251550374
          ],
          "final_hv": 46.297354251550374,
          "time": 2423.541105747223,