{
  "problem": "DTLZ2",
  "m": 3,
  "d": 4,
  "n_init": 10,
  "n_iters": 15,
  "q": 1,
  "mu": 0.1,
  "seeds": 2,
  "methods": {
    "stch_set": {
      "hv_mean": [
        1.9306005757544398,
        1.9559632923323864,
        1.9862790983263279,
        2.1022666467379976,
        2.1111850004939505,
        2.1145900013253582,
        2.129115037123008,
        2.133359665922632,
        2.134820432716799,
        2.1359754376100994,
        2.136325324652766,
        2.136599822156919,
        2.1369067051462576,
        2.1374655131257674,
        2.1378481933289284,
        2.1401818063169786
      ],
      "hv_std": [
        0.013816574925010427,
        0.007749074337379258,
        0.03806488033132083,
        0.15141444327323217,
        0.15584977934548738,
        0.1592547801768951,
        0.1491293343660156,
        0.14779959188054526,
        0.14901619448681647,
        0.14992361244709795,
        0.14997577334371082,
        0.14994777326220365,
        0.14994646011300805,
        0.15046653278840405,
        0.15051683192583942,
        0.15274077053291824
      ],
      "hv_all": [
        [
          1.94441715067945,
          1.948214217995007,
          1.948214217995007,
          1.9508522034647655,
          1.9553352211484634,
          1.9553352211484634,
          1.9799857027569923,
          1.9855600740420871,
          1.9858042382299828,
          1.9860518251630017,
          1.986349551309055,
          1.9866520488947153,
          1.9869602450332495,
          1.9869989803373636,
          1.987331361403089,
          1.9874410357840606
        ],
        [
          1.9167840008294292,
          1.9637123666697656,
          2.0243439786576487,
          2.25368109001123,
          2.267034779839438,
          2.2738447815022536,
          2.2782443714890235,
          2.2811592578031776,
          2.2838366272036157,
          2.2858990500571976,
          2.2863010979964766,
          2.2865475954191226,
          2.2868531652592656,
          2.2879320459141717,
          2.288365025254768,
          2.292922576849897
        ]
      ],
      "time_mean": [
        5.621664762496948,
        5.575225472450256,
        7.469471573829651,
        4.628941059112549,
        5.609004735946655,
        6.237756133079529,
        6.41989541053772,
        10.240742087364197,
        12.015864610671997,
        13.478810429573059,
        16.431355595588684,
        16.24442970752716,
        18.335118293762207,
        15.319199800491333,
        16.492228031158447
      ],
      "final_hv_mean": 2.1401818063169786,
      "final_hv_std": 0.15274077053291824,
      "mean_iter_time": 10.67464718023936
    },
    "qnparego": {
      "hv_mean": [
        1.9306005757544398,
        1.938765590466104,
        1.9466596044025397,
        1.9582479891669955,
        1.9617720566090617,
        1.990272989498938,
        2.0039135771353185,
        2.013504038364058,
        2.0852911769488003,
        2.1193763478634695,
        2.1225422719158162,
        2.1290503119152477,
        2.1325012924698,
        2.1325012924698,
        2.1416791101084813,
        2.146531145692258
      ],
      "hv_std": [
        0.013816574925010427,
        0.019366122328640434,
        0.02122010251560713,
        0.029057317991947218,
        0.028612042689175055,
        0.0556216450210254,
        0.04382138694327242,
        0.05341184817201161,
        0.0812034240906574,
        0.04918103826359577,
        0.05198290139754169,
        0.0553579962963795,
        0.05678147697926761,
        0.05678147697926761,
        0.04760365934058619,
        0.04275162375680974
      ],
      "hv_all": [
        [
          1.94441715067945,
          1.9581317127947444,
          1.9678797069181468,
          1.9873053071589426,
          1.9903840992982367,
          2.0458946345199633,
          2.047734964078591,
          2.0669158865360693,
          2.166494601039458,
          2.1685573861270653,
          2.174525173313358,
          2.1844083082116272,
          2.1892827694490675,
          2.1892827694490675,
          2.1892827694490675,
          2.1892827694490675
        ],
        [
          1.9167840008294292,
          1.9193994681374635,
          1.9254395018869326,
          1.9291906711750482,
          1.9331600139198866,
          1.9346513444779125,
          1.960092190192046,
          1.960092190192046,
          2.004087752858143,
          2.0701953095998737,
          2.0705593705182745,
          2.0736923156188682,
          2.0757198154905323,
          2.0757198154905323,
          2.094075450767895,
          2.103779521935448
        ]
      ],
      "time_mean": [
        4.552659273147583,
        4.173679947853088,
        4.606202602386475,
        4.942708969116211,
        4.711918592453003,
        5.482332706451416,
        4.259201169013977,
        5.047832250595093,
        4.969995856285095,
        7.983910918235779,
        5.829550266265869,
        6.721952319145203,
        7.642924666404724,
        9.142780303955078,
        12.697155952453613
      ],
      "final_hv_mean": 2.146531145692258,
      "final_hv_std": 0.04275162375680974,
      "mean_iter_time": 6.184320386250814
    },
    "random": {
      "hv_mean": [
        1.9306005757544398,
        1.954173034254938,
        1.954173034254938,
        1.9650116975686096,
        1.9856865089446314,
        1.991338447526212,
        1.9916753201897661,
        2.0016705107370263,
        2.0494282000993334,
        2.051215094651621,
        2.052519378038425,
        2.071134194937878,
        2.0817297408201334,
        2.0867501597004807,
        2.104828145795278,
        2.1254515107216445
      ],
      "hv_std": [
        0.013816574925010427,
        0.014071593077680244,
        0.014071593077680244,
        0.019210670825034026,
        0.0011275993657848815,
        0.0067795379473652995,
        0.006442665283810878,
        0.00355252526344918,
        0.006837965396872869,
        0.00849697054347276,
        0.0071926871566687645,
        0.007438478772666235,
        0.0031570671095886294,
        0.0001306580076685382,
        0.007440403148655239,
        0.005060775673310092
      ],
      "hv_all": [
        [
          1.94441715067945,
          1.9682446273326182,
          1.9682446273326182,
          1.9842223683936435,
          1.9845589095788465,
          1.9845589095788465,
          1.9852326549059554,
          2.0052230360004755,
          2.056266165496206,
          2.059712065195094,
          2.059712065195094,
          2.063695716165212,
          2.084886807929722,
          2.0866195016928124,
          2.0973877426466228,
          2.1305122863949544
        ],
        [
          1.9167840008294292,
          1.9401014411772577,
          1.9401014411772577,
          1.9458010267435755,
          1.9868141083104163,
          1.998117985473577,
          1.998117985473577,
          1.998117985473577,
          2.0425902347024603,
          2.0427181241081485,
          2.0453266908817564,
          2.0785726737105445,
          2.0785726737105445,
          2.0868808177081495,
          2.1122685489439332,
          2.120390735048334
        ]
      ],
      "time_mean": [
        0.0005000829696655273,
        0.0004998445510864258,
        0.0010017156600952148,
        0.0005065202713012695,
        0.0010304450988769531,
        0.0009136199951171875,
        0.0,
        0.0004998445510864258,
        0.0009999275207519531,
        0.0007714033126831055,
        0.00040721893310546875,
        0.0015039443969726562,
        0.0012524127960205078,
        0.0005003213882446289,
        0.0015349388122558594
      ],
      "final_hv_mean": 2.1254515107216445,
      "final_hv_std": 0.005060775673310092,
      "mean_iter_time": 0.0007948160171508789
    }
  }
}