{
  "problem": "zdt1",
  "n_var": 6,
  "n_init": 10,
  "n_iter": 40,
  "seeds": [
    42,
    123,
    456,
    789,
    1337
  ],
  "true_hv": 120.66140936892067,
  "summary": {
    "STCH-NParEGO": {
      "hv_mean": 115.32244018815395,
      "hv_std": 2.0711806156980246,
      "n_pareto_mean": 2.2,
      "n_pareto_std": 0.39999999999999997
    },
    "Vanilla-NParEGO": {
      "hv_mean": 112.71596932427053,
      "hv_std": 3.357532252404506,
      "n_pareto_mean": 2.2,
      "n_pareto_std": 1.16619037896906
    },
    "qEHVI": {
      "hv_mean": 120.42078352080773,
      "hv_std": 0.1177403383761884,
      "n_pareto_mean": 4.8,
      "n_pareto_std": 0.7483314773547882
    },
    "NSGA-II": {
      "hv_mean": 102.89354585955179,
      "hv_std": 3.16952660782942,
      "n_pareto_mean": 7.0,
      "n_pareto_std": 1.6733200530681511
    }
  },
  "hv_histories": {
    "STCH-NParEGO": [
      [
        98.3747052254734,
        99.07410085567713,
        99.23109983417,
        99.23109983417,
        99.23109983417,
        99.23109983417,
        100.64514335051007,
        111.2509890852948,
        111.2509890852948,
        111.2509890852948,
        111.2509890852948,
        111.2509890852948,
        111.2509890852948,
        111.2509890852948,
        111.2509890852948,
        111.2509890852948,
        111.2509890852948,
        111.2509890852948,
        111.2509890852948,
        111.2509890852948,
        111.2509890852948,
        111.2509890852948,
        111.2509890852948,
        111.2509890852948,
        111.2509890852948,
        111.2509890852948,
        111.2509890852948,
        111.2509890852948,
        111.2509890852948,
        111.2509890852948,
        111.2509890852948,
        111.2509890852948,
        111.2509890852948,
        111.2509890852948,
        111.2509890852948,
        111.2509890852948,
        111.2509890852948,
        111.2509890852948,
        111.2509890852948,
        111.2509890852948,
        111.2509890852948
      ],
      [
        96.21267366594675,
        97.93060182978535,
        100.36757742199913,
        100.36757742199913,
        100.36757742199913,
        100.36757742199913,
        100.36757742199913,
        100.36757742199913,
        116.80517271726633,
        116.80517271726633,
        116.80517271726633,
        116.80517271726633,
        116.80517271726633,
        116.80517271726633,
        116.80517271726633,
        116.80517271726633,
        116.80517271726633,
        116.80517271726633,
        116.80517271726633,
        116.80517271726633,
        116.80517271726633,
        116.80517271726633,
        116.80517271726633,
        116.80517271726633,
        116.80517271726633,
        116.80517271726633,
        116.80517271726633,
        116.80517271726633,
        116.80517271726633,
        116.80517271726633,
        116.80517271726633,
        116.80517271726633,
        116.80517271726633,
        116.80517271726633,
        116.80517271726633,
        116.80517271726633,
        116.80517271726633,
        116.80517271726633,
        116.80517271726633,
        116.80517271726633,
        116.80517271726633
      ],
      [
        99.33815155641189,
        100.85243001620555,
        100.85243001620555,
        101.36999489060906,
        101.36999489060906,
        101.36999489060906,
        116.13582563241633,
        116.13582563241633,
        116.13582563241633,
        116.13582563241633,
        116.13582563241633,
        116.13582563241633,
        116.13582563241633,
        116.13582563241633,
        116.13582563241633,
        116.13582563241633,
        116.13582563241633,
        116.13582563241633,
        116.13582563241633,
        116.13582563241633,
        116.13582563241633,
        116.13582563241633,
        116.13582563241633,
        116.13582563241633,
        116.13582563241633,
        116.13582563241633,
        116.13582563241633,
        116.13582563241633,
        116.13582563241633,
        116.13582563241633,
        116.13582563241633,
        116.13582563241633,
        116.13582563241633,
        116.13582563241633,
        116.13582563241633,
        116.66148964966057,
        116.66148964966057,
        116.66148964966057,
        116.66148964966057,
        116.66148964966057,
        116.66148964966057
      ],
      [
        99.58949271923937,
        114.29541958788606,
        114.953714237978,
        114.97633978313819,
        114.97633978313819,
        114.97633978313819,
        116.17070926818495,
        116.17070926818495,
        116.17070926818495,
        116.17070926818495,
        116.17070926818495,
        116.17070926818495,
        116.17070926818495,
        116.17070926818495,
        116.17070926818495,
        116.17070926818495,
        116.17070926818495,
        116.17070926818495,
        116.17070926818495,
        116.17070926818495,
        116.17070926818495,
        116.17070926818495,
        116.17070926818495,
        116.17070926818495,
        116.17070926818495,
        116.17070926818495,
        116.17070926818495,
        116.17070926818495,
        116.17070926818495,
        116.17070926818495,
        116.17070926818495,
        116.17070926818495,
        116.17070926818495,
        116.17070926818495,
        116.17070926818495,
        116.17070926818495,
        116.17070926818495,
        116.17070926818495,
        116.17070926818495,
        116.17070926818495,
        116.17070926818495
      ],
      [
        89.6046924096627,
        89.64702460403234,
        101.32730376975617,
        101.63999722911986,
        101.87103969056336,
        102.17839697851115,
        102.17839697851115,
        115.72384022036309,
        115.72384022036309,
        115.72384022036309,
        115.72384022036309,
        115.72384022036309,
        115.72384022036309,
        115.72384022036309,
        115.72384022036309,
        115.72384022036309,
        115.72384022036309,
        115.72384022036309,
        115.72384022036309,
        115.72384022036309,
        115.72384022036309,
        115.72384022036309,
        115.72384022036309,
        115.72384022036309,
        115.72384022036309,
        115.72384022036309,
        115.72384022036309,
        115.72384022036309,
        115.72384022036309,
        115.72384022036309,
        115.72384022036309,
        115.72384022036309,
        115.72384022036309,
        115.72384022036309,
        115.72384022036309,
        115.72384022036309,
        115.72384022036309,
        115.72384022036309,
        115.72384022036309,
        115.72384022036309,
        115.72384022036309
      ]
    ],