{
  "problem": "zdt1",
  "n_var": 6,
  "n_init": 10,
  "n_iter": 3,
  "seeds": [
    1
  ],
  "true_hv": 120.66140936892067,
  "summary": {
    "STCH-NParEGO": {
      "hv_mean": 102.31051567536835,
      "hv_std": 0.0,
      "n_pareto_mean": 2.0,
      "n_pareto_std": 0.0
    },
    "Vanilla-NParEGO": {
      "hv_mean": 102.33190976677407,
      "hv_std": 0.0,
      "n_pareto_mean": 4.0,
      "n_pareto_std": 0.0
    },
    "qEHVI": {
      "hv_mean": 117.98091549911497,
      "hv_std": 0.0,
      "n_pareto_mean": 4.0,
      "n_pareto_std": 0.0
    },
    "NSGA-II": {
      "hv_mean": 96.57121106146073,
      "hv_std": 0.0,
      "n_pareto_mean": 4.0,
      "n_pareto_std": 0.0
    }
  },
  "hv_histories": {
    "STCH-NParEGO": [
      [
        100.7078645647301,
        101.35625074941774,
        101.37369324520397,
        102.31051567536835
      ]
    ],
    "Vanilla-NParEGO": [
      [
        100.7078645647301,
        102.16868722222362,
        102.29959347400633,
        102.33190976677407
      ]
    ],
    "qEHVI": [
      [
        100.7078645647301,
        102.18024071802543,
        111.80536097825261,
        117.98091549911497
      ]
    ],
    "NSGA-II": [
      [
        96.57121106146073
      ]
    ]
  }
}