{
  "problem": "zdt1",
  "n_var": 6,
  "n_init": 10,
  "n_iter": 30,
  "seeds": [
    42,
    123,
    456
  ],
  "true_hv": 120.66140936892067,
  "summary": {
    "STCH-NParEGO": {
      "hv_mean": 114.73066247832583,
      "hv_std": 2.475628078101298,
      "n_pareto_mean": 2.0,
      "n_pareto_std": 0.0
    },
    "Vanilla-NParEGO": {
      "hv_mean": 111.00728212758152,
      "hv_std": 1.42451204596181,
      "n_pareto_mean": 1.3333333333333333,
      "n_pareto_std": 0.4714045207910317
    },
    "qEHVI": {
      "hv_mean": 120.43562127376474,
      "hv_std": 0.05428144028691341,
      "n_pareto_mean": 4.333333333333333,
      "n_pareto_std": 0.9428090415820634
    },
    "NSGA-II": {
      "hv_mean": 103.97321930041726,
      "hv_std": 0.28002944121595247,
      "n_pareto_mean": 7.0,
      "n_pareto_std": 0.0
    }
  },
  "hv_histories": {
    "STCH-NParEGO": [
      [
        98.3747052254734,
        99.07410085567713,
        99.23109983417,
        99.23109983417,
        99.23109983417,
        99.23109983417,
        100.64514335051007,
        111.2509890852948,
        111.2509890852948,
        111.2509890852948,
        111.2509890852948,
        111.2509890852948,
        111.2509890852948,
        111.2509890852948,
        111.2509890852948,
        111.2509890852948,
        111.2509890852948,
        111.2509890852948,
        111.2509890852948,
        111.2509890852948,
        111.2509890852948,
        111.2509890852948,
        111.2509890852948,
        111.2509890852948,
        111.2509890852948,
        111.2509890852948,
        111.2509890852948,
        111.2509890852948,
        111.2509890852948,
        111.2509890852948,
        111.2509890852948
      ],
      [
        96.21267366594675,
        97.93060182978535,
        100.36757742199913,
        100.36757742199913,
        100.36757742199913,
        100.36757742199913,
        100.36757742199913,
        100.36757742199913,
        116.80517271726633,
        116.80517271726633,
        116.80517271726633,
        116.80517271726633,
        116.80517271726633,
        116.80517271726633,
        116.80517271726633,
        116.80517271726633,
        116.80517271726633,
        116.80517271726633,
        116.80517271726633,
        116.80517271726633,
        116.80517271726633,
        116.80517271726633,
        116.80517271726633,
        116.80517271726633,
        116.80517271726633,
        116.80517271726633,
        116.80517271726633,
        116.80517271726633,
        116.80517271726633,
        116.80517271726633,
        116.80517271726633
      ],
      [
        99.33815155641189,
        100.85243001620555,
        100.85243001620555,
        101.36999489060906,
        101.36999489060906,
        101.36999489060906,
        116.13582563241633,
        116.13582563241633,
        116.13582563241633,
        116.13582563241633,
        116.13582563241633,
        116.13582563241633,
        116.13582563241633,
        116.13582563241633,
        116.13582563241633,
        116.13582563241633,
        116.13582563241633,
        116.13582563241633,
        116.13582563241633,
        116.13582563241633,
        116.13582563241633,
        116.13582563241633,
        116.13582563241633,
        116.13582563241633,
        116.13582563241633,
        116.13582563241633,
        116.13582563241633,
        116.13582563241633,
        116.13582563241633,
        116.13582563241633,
        116.13582563241633
      ]
    ],
    "Vanilla-NParEGO": [
      [
        98.3747052254734,
        107.20587726988643,
        107.49206746579158,
        110.0,
        110.0,
        110.0,
        110.0,
        110.0,
        110.0,
        110.0,
        110.0,
        110.0,
        110.0,
        110.0,
        110.0,
        110.0,
        110.0,
        110.0,
        110.0,
        110.0,
        110.0,
        110.0,
        110.0,
        110.0,
        110.0,
        110.0,
        110.0,
        110.0,
        110.0,
        110.0,
        110.0
      ],
      [
        96.21267366594675,
        105.94876834925748,
        110.0,
        110.0,
        110.0,
        110.0,
        110.0,
        110.0,
        110.0,
        110.0,
        110.0,
        110.0,
        110.0,
        110.0,
        110.0,
        110.0,
        110.0,
        110.0,
        110.0,
        110.0,
        110.0,
        110.0,
        110.0,
        110.0,
        110.0,
        110.0,
        110.0,
        110.0,
        110.0,
        110.0,
        110.0
      ],
      [
        99.33815155641189,
        108.83977887112935,
        112.25656101622646,
        112.25656101622646,
        112.25656101622646,
        112.25656101622646,
        113.02184638274456,
        113.02184638274456,
        113.02184638274456,
        113.02184638274456,
        113.02184638274456,
        113.02184638274456,
        113.02184638274456,
        113.02184638274456,
        113.02184638274456,
        113.02184638274456,
        113.02184638274456,
        113.02184638274456,
        113.02184638274456,
        113.02184638274456,
        113.02184638274456,
        113.02184638274456,
        113.02184638274456,
        113.02184638274456,
        113.02184638274456,
        113.02184638274456,
        113.02184638274456,
        113.02184638274456,
        113.02184638274456,
        113.02184638274456,
        113.02184638274456
      ]
    ],