{
  "version": 2,
  "timestamp": "20260219_184533",
  "problem": "ZDT2",
  "m": 2,
  "d": 30,
  "n_init": 62,
  "n_iters": 2,
  "q_default": 1,
  "K_default": 5,
  "mu_default": 0.1,
  "seeds": 1,
  "ablation": "none",
  "methods": {
    "stch_set": {
      "hv_mean": [
        72.00465044001697,
        102.27589135888775,
        116.8442530461721
      ],
      "hv_std": [
        0.0,
        0.0,
        0.0
      ],
      "hv_all": [
        [
          72.00465044001697,
          102.27589135888775,
          116.8442530461721
        ]
      ],
      "time_mean": [
        13.214631080627441,
        3.9783594608306885
      ],
      "final_hv_mean": 116.8442530461721,
      "final_hv_std": 0.0,
      "mean_iter_time": 8.596495270729065,
      "n_errors": 0,
      "errors": [
        []
      ]
    },
    "stch_nparego": {
      "hv_mean": [
        72.00465044001697,
        72.00465044001697,
        72.00465044001697
      ],
      "hv_std": [
        0.0,
        0.0,
        0.0
      ],
      "hv_all": [
        [
          72.00465044001697,
          72.00465044001697,
          72.00465044001697
        ]
      ],
      "time_mean": [
        12.362953901290894,
        17.984808444976807
      ],
      "final_hv_mean": 72.00465044001697,
      "final_hv_std": 0.0,
      "mean_iter_time": 15.17388117313385,
      "n_errors": 0,
      "errors": [
        []
      ]
    },
    "qnparego": {
      "hv_mean": [
        72.00465044001697,
        78.5250877356259,
        91.4526767017268
      ],
      "hv_std": [
        0.0,
        0.0,
        0.0
      ],
      "hv_all": [
        [
          72.00465044001697,
          78.5250877356259,
          91.4526767017268
        ]
      ],
      "time_mean": [
        12.70790982246399,
        6.478903770446777
      ],
      "final_hv_mean": 91.4526767017268,
      "final_hv_std": 0.0,
      "mean_iter_time": 9.593406796455383,
      "n_errors": 0,
      "errors": [
        []
      ]
    },
    "qehvi": {
      "hv_mean": [
        72.00465044001697,
        99.18996364159935,
        107.22186326797345
      ],
      "hv_std": [
        0.0,
        0.0,
        0.0
      ],
      "hv_all": [
        [
          72.00465044001697,
          99.18996364159935,
          107.22186326797345
        ]
      ],
      "time_mean": [
        14.146465063095093,
        7.385549783706665
      ],
      "final_hv_mean": 107.22186326797345,
      "final_hv_std": 0.0,
      "mean_iter_time": 10.766007423400879,
      "n_errors": 0,
      "errors": [
        []
      ]
    },
    "random": {
      "hv_mean": [
        72.00465044001697,
        72.00465044001697,
        72.00465044001697
      ],
      "hv_std": [
        0.0,
        0.0,
        0.0
      ],
      "hv_all": [
        [
          72.00465044001697,
          72.00465044001697,
          72.00465044001697
        ]
      ],
      "time_mean": [
        0.0,
        0.0009999275207519531
      ],
      "final_hv_mean": 72.00465044001697,
      "final_hv_std": 0.0,
      "mean_iter_time": 0.0004999637603759766,
      "n_errors": 0,
      "errors": [
        []
      ]
    }
  }
}