{
  "problem": "zdt2",
  "n_var": 6,
  "n_init": 10,
  "n_iter": 40,
  "seeds": [
    42,
    123,
    456,
    789,
    1337
  ],
  "true_hv": 120.32829983335033,
  "summary": {
    "STCH-NParEGO": {
      "hv_mean": 107.22322751396754,
      "hv_std": 4.1189300433795495,
      "n_pareto_mean": 1.6,
      "n_pareto_std": 0.4898979485566356
    },
    "Vanilla-NParEGO": {
      "hv_mean": 105.97865029166023,
      "hv_std": 4.904117693663864,
      "n_pareto_mean": 1.0,
      "n_pareto_std": 0.0
    },
    "qEHVI": {
      "hv_mean": 111.08608716159583,
      "hv_std": 2.172174323191649,
      "n_pareto_mean": 1.2,
      "n_pareto_std": 0.4
    },
    "NSGA-II": {
      "hv_mean": 89.23117261149532,
      "hv_std": 3.16925691554061,
      "n_pareto_mean": 4.8,
      "n_pareto_std": 1.6
    }
  },
  "hv_histories": {
    "STCH-NParEGO": [
      [
        82.1915761580954,
        82.92528409604024,
        82.92528409604024,
        83.15999984091634,
        90.19999999999999,
        90.19999999999999,
        90.19999999999999,
        106.81520003263378,
        106.81520003263378,
        106.81520003263378,
        106.81520003263378,
        106.81520003263378,
        106.81520003263378,
        106.81520003263378,
        106.81520003263378,
        106.81520003263378,
        106.81520003263378,
        106.81520003263378,
        106.81520003263378,
        106.81520003263378,
        106.81520003263378,
        106.81520003263378,
        106.81520003263378,
        106.81520003263378,
        106.81520003263378,
        106.81520003263378,
        106.81520003263378,
        106.81520003263378,
        106.81520003263378,
        106.81520003263378,
        106.81520003263378,
        106.81520003263378,
        106.81520003263378,
        106.81520003263378,
        106.81520003263378,
        106.81520003263378,
        106.81520003263378,
        106.81520003263378,
        106.81520003263378,
        106.81520003263378,
        106.81520003263378
      ],
      [
        82.26357427677827,
        84.09528690361041,
        92.82072000224599,
        92.82072000224599,
        92.82072000224599,
        92.82072000224599,
        92.82072000224599,
        92.82072000224599,
        110.16934875681197,
        110.16934875681197,
        110.16934875681197,
        110.16934875681197,
        110.16934875681197,
        110.16934875681197,
        110.16934875681197,
        110.16934875681197,
        110.16934875681197,
        110.16934875681197,
        110.16934875681197,
        110.16934875681197,
        110.16934875681197,
        110.16934875681197,
        110.16934875681197,
        110.16934875681197,
        110.16934875681197,
        110.16934875681197,
        110.16934875681197,
        110.16934875681197,
        110.16934875681197,
        110.16934875681197,
        110.16934875681197,
        110.16934875681197,
        110.16934875681197,
        110.16934875681197,
        110.16934875681197,
        110.16934875681197,
        110.16934875681197,
        110.16934875681197,
        110.16934875681197,
        110.16934875681197,
        110.16934875681197
      ],
      [
        83.96828222107926,
        84.79577326632017,
        84.79577326632017,
        85.29755561136191,
        90.19999999999999,
        90.19999999999999,
        109.96696812858156,
        109.96696812858156,
        109.96696812858156,
        109.96696812858156,
        109.96696812858156,
        109.96696812858156,
        109.96696812858156,
        109.96696812858156,
        109.96696812858156,
        109.96696812858156,
        109.96696812858156,
        109.96696812858156,
        109.96696812858156,
        109.96696812858156,
        109.96696812858156,
        109.96696812858156,
        109.96696812858156,
        109.96696812858156,
        109.96696812858156,
        109.96696812858156,
        109.96696812858156,
        109.96696812858156,
        109.96696812858156,
        109.96696812858156,
        109.96696812858156,
        109.96696812858156,
        109.96696812858156,
        109.96696812858156,
        109.96696812858156,
        110.22761726767008,
        110.22761726767008,
        110.22761726767008,
        110.22761726767008,
        110.22761726767008,
        110.22761726767008
      ],
      [
        82.58066856974955,
        108.41632660520233,
        109.14382647241986,
        109.14382647241986,
        109.20568848408114,
        109.20568848408114,
        109.20568848408114,
        109.20568848408114,
        109.20568848408114,
        109.20568848408114,
        109.20568848408114,
        109.20568848408114,
        109.53115336325546,
        109.53115336325546,
        109.53115336325546,
        109.53115336325546,
        109.53115336325546,
        109.53115336325546,
        109.53115336325546,
        109.53115336325546,
        109.53115336325546,
        109.53115336325546,
        109.53115336325546,
        109.53115336325546,
        109.53115336325546,
        109.53115336325546,
        109.53115336325546,
        109.53115336325546,
        109.53115336325546,
        109.53115336325546,
        109.53115336325546,
        109.53115336325546,
        109.53115336325546,
        109.53115336325546,
        109.53115336325546,
        109.53115336325546,
        109.53115336325546,
        109.53115336325546,
        109.53115336325546,
        109.53115336325546,
        109.53115336325546
      ],
      [
        77.8180087583019,
        77.85826096079488,
        99.37281814946645,
        99.37281814946645,
        99.37281814946645,
        99.37281814946645,
        99.37281814946645,
        99.37281814946645,
        99.37281814946645,
        99.37281814946645,
        99.37281814946645,
        99.37281814946645,
        99.37281814946645,
        99.37281814946645,
        99.37281814946645,
        99.37281814946645,
        99.37281814946645,
        99.37281814946645,
        99.37281814946645,
        99.37281814946645,
        99.37281814946645,
        99.37281814946645,
        99.37281814946645,
        99.37281814946645,
        99.37281814946645,
        99.37281814946645,
        99.37281814946645,
        99.37281814946645,
        99.37281814946645,
        99.37281814946645,
        99.37281814946645,
        99.37281814946645,
        99.37281814946645,
        99.37281814946645,
        99.37281814946645,
        99.37281814946645,
        99.37281814946645,
        99.37281814946645,
        99.37281814946645,
        99.37281814946645,
        99.37281814946645
      ]
    ],